[
  {
    "Name": " Камень бессмертных",
    "Server": "lisichka",
    "Link": "https://pwcats.info/lisichka/11208"
  },
  {
    "Name": " Нашивка офицера-призрака",
    "Server": "lisichka",
    "Link": "https://pwcats.info/lisichka/12830"
  },
  {
    "Name": " Рупор",
    "Server": "lisichka",
    "Link": "https://pwcats.info/lisichka/12979"
  },
  {
    "Name": " Серебряная монета",
    "Server": "lisichka",
    "Link": "https://pwcats.info/lisichka/41375"
  },
  {
    "Name": " Бронзовая монета",
    "Server": "lisichka",
    "Link": "https://pwcats.info/lisichka/39872"
  }
]